[
  {
    "name": "gift_population_filter",
    "sid": [ { "uid": "gift_process_total_weighted_food_consumption_000042BUR201001" } ],
    "parameters": {
      "gender": null,
      "special_condition": ["2"],
      "age_year": {
        "from": 10.5,
        "to": 67
      }
    }
  },

  {
    "name": "filter",
    "parameters": {
      "columns": [
        "subgroup_code",
        "value",
        "um"
      ],
      "rows": {
        "item": {
          "codes": [
            {
              "uid": "GIFT_Items",
              "codes": [ "IRON" ]
            }
          ]
        },
        "group_code": {
          "codes": [
            {
              "uid": "GIFT_FoodGroups",
              "codes": [ "01" ]
            }
          ]
        }
      }
    }
  },

  {
    "name": "group",
    "parameters": {
      "by": [
        "subgroup_code"
      ],
      "aggregations": [
        {
          "columns": [ "value" ],
          "rule": "SUM"
        },
        {
          "columns": [ "um" ],
          "rule": "max"
        }
      ]
    }
  }
]